,Company,ESG score,Clean200,ScienceBasedTargets,Country,Symbol NQ,Symbol NYSE,Symbol NQ North,Beta,Dividend yield,P/E,Expected return
0, ABB Ltd ,0.44,1.0,1.0,Switzerland,na,ABB,ABB,1.1495440000000001,3.02,25.985073,0.12535478515154316
1, Abbott Laboratories ,0.85,0.0,0.0,na,na,DLB,na,0.880157,1.05,29.787233,0.0955335823027451
2, AbbVie Inc ,0.76,0.0,0.0,na,na,ABBV,na,0.814669,3.85,15.831438,0.0882840456429876
3, Accenture PLC ,0.54,1.0,1.0,Ireland,na,ACN,na,1.037328,1.79,22.891064,0.11293244814611708
4, Advance Auto Parts Inc ,0.12,0.0,0.0,na,na,AAP,na,1.0779299999999998,0.17,17.191519,0.11742709888303793
5, Aegon NV ,0.45,0.0,0.0,na,na,AEG,na,1.4395129999999998,5.86,2.1611722,0.15745442013342106
6, Aflac Inc ,0.42,0.0,0.0,na,na,AFL,na,0.939751,2.26,8.191874499999999,0.102130651807106
7, AGCO Corp ,0.12,0.0,0.0,na,na,AGCO,na,1.13425,0.91,30.521472999999997,0.12366173583450295
8, Agnico Eagle Mines Ltd ,0.38,0.0,0.0,na,na,AEM,na,0.237066,0.97,30.60804000000001,0.024343260716193325
9, Alaska Air Group Inc ,0.56,0.0,0.0,na,na,ALK,na,1.5363449999999998,1.6800000000000002,4.52504,0.16817374480111036
10, Albemarle Corp ,0.22,0.0,0.0,na,na,ALB,na,1.5330709999999999,1.64,12.256972,0.1678113122482145
11, Allegion PLC ,0.14,0.0,0.0,na,na,ALLE,na,1.2979690000000002,0.77,28.129915000000004,0.1417854667836667
12, Allison Transmission Holdings Inc ,0.1,0.0,0.0,na,na,ALSN,na,1.398821,1.66,6.8187375,0.1529498063758036
13, Ambev SA ,0.31,0.0,1.0,Brazil,na,ABEV,na,0.710661,2.28,11.363636,0.07677033612509034
14, Amdocs Ltd ,0.48,0.0,1.0,United States of America (USA),DOX,na,na,0.605762,1.41,17.155936999999998,0.06515799270229684
15, Ameren Corp ,0.28,0.0,0.0,na,na,AEE,na,0.347085,3.1,21.98209,0.03652238931639274
16, American Airlines Group Inc ,0.3,0.0,0.0,na,AAL,na,na,2.041912,1.1,2.7203166000000003,0.22414012796235536
17, American Campus Communities Inc ,0.1,0.0,0.0,na,na,ACC,na,0.8945639999999999,3.95,30.772398,0.09712844051580896
18, American Eagle Outfitters Inc ,0.1,0.0,1.0,United States of America (USA),na,AEO,na,1.287491,3.16,6.098214,0.1406255497741239
19, American Express Co ,0.36,0.0,0.0,na,na,AXP,na,1.209561,1.49,12.542603,0.1319986808531781
20, American Tower Corp ,0.18,0.0,0.0,na,na,AMT,na,0.40144,1.79,57.69104,0.042539500315982255
21, American Water Works Co Inc ,0.45,0.0,0.0,na,na,AWK,na,0.250163,1.92,36.446064,0.02579310162800685
22, Ameriprise Financial Inc ,0.25,0.0,0.0,na,na,AMP,na,1.899803,2.5,7.7212644,0.20840862898267246
23, Amgen Inc ,0.57,0.0,0.0,na,AMGN,na,na,0.904387,2.49,18.344720000000002,0.0982158488747266
24, Amphenol Corp ,0.13,0.0,0.0,na,na,APH,na,1.1781270000000001,0.91,23.473167,0.12851892982454965
25, Anheuser-Busch InBev SA/NV ,0.31,0.0,0.0,na,na,BUD,na,1.111246,3.44,9.253698,0.121115187744455
26, Aon PLC ,0.2,0.0,0.0,na,na,AON,na,0.931892,1.05,27.574614,0.10126065869983393
27, Apple Inc ,0.29,0.0,0.0,na,AAPL,na,na,1.173542,1.6,22.466852,0.12801136927017348
28, Aptiv PLC ,0.49,1.0,0.0,na,na,APTV,na,2.071381,1.29,16.296104,0.2274023530391083
29, Aramark ,0.13,0.0,0.0,na,na,ARMK,na,1.479371,1.12,18.092782999999997,0.16186670989925014
30, Archer-Daniels-Midland Co ,0.66,0.0,0.0,na,na,ADM,na,1.032743,2.93,14.75,0.11242488759174088
31, Arthur J Gallagher & Co ,0.24,0.0,0.0,na,na,AJG,na,0.8664040000000001,2.59,21.386364,0.09401112204007643
32, AstraZeneca PLC ,0.81,0.0,1.0,United Kingdom (UK),na,AZN,AZN,0.21519699999999997,4.03,99.76608,0.02192235738715233
33, Automatic Data Processing Inc ,0.26,0.0,0.0,na,ADP,na,na,0.905697,2.1,24.594595,0.09836086617597692
34, Avery Dennison Corp ,0.18,0.0,0.0,na,na,AVY,na,1.313032,1.97,30.403361999999998,0.1434529443475857
35, Ball Corp ,0.74,1.0,1.0,United States of America (USA),na,BLL,na,0.571054,0.79,39.319275,0.06131580912077252
36, Banco Santander Brasil SA ,0.29,0.0,0.0,na,na,BSBR,na,0.954022,3.34,5.2272725,0.10371045478889504
37, Banco Santander Chile ,0.67,0.0,0.0,na,na,BSAC,na,0.37059,4.88,6.995,0.039124398221651716
38, Bank of Nova Scotia ,0.74,0.0,0.0,na,na,BNS,na,1.056478,4.39,7.379001,0.11505235754989115
39, Bank OZK ,0.12,0.0,0.0,na,OZK,na,na,1.872953,1.98,7.861685299999999,0.20543632780819027
40, Barrick Gold Corp ,0.79,0.0,0.0,na,GOLD,GOLD,na,-0.018272,1.04,12.001772,-0.003922714601867347
41, Best Buy Co Inc ,0.53,0.0,1.0,United States of America (USA),na,BBY,na,1.29666,2.53,12.500869,0.14164056018264634
42, Bio-Techne Corp ,0.17,0.0,0.0,na,TECH,na,na,1.053045,1.0,40.55656,0.11467232366043127
43, Booz Allen Hamilton Holding Corp ,0.27,0.0,0.0,na,na,BAH,na,0.8539620000000001,1.65,24.8233,0.0926337897788881
44, BorgWarner Inc ,0.33,0.0,0.0,na,na,BWA,na,1.7498360000000002,1.46,7.501385000000001,0.1918072475959474
45, BP PLC ,0.49,0.0,0.0,na,na,BP,na,0.6984800000000001,6.52,19.788492,0.0754218966239221
46, British American Tobacco PLC ,0.83,0.0,1.0,United Kingdom (UK),na,BTI,na,0.639513,4.64,1.6767466999999998,0.0688942361637474
47, Broadridge Financial Solutions Inc ,0.19,0.0,0.0,na,na,BR,na,0.7675179999999999,1.71,31.119799,0.083064419100045
48, Brookfield Asset Management Inc ,0.16,0.0,0.0,na,na,BAM,na,1.134551,1.38,18.390076,0.12369505660372156
49, Cabot Corp ,0.55,0.0,0.0,na,na,CBT,na,1.6601169999999998,2.45,13.936464,0.18187533366397846
50, CAE Inc ,0.25,0.0,0.0,na,na,CAE,na,1.875415,1.57,13.94,0.20570887177435696
51, Campbell Soup Co ,0.64,0.0,0.0,na,na,CPB,na,0.36935100000000004,2.87,10.592778,0.03898724063672868
52, Canadian Imperial Bank of Commerce ,0.66,0.0,0.0,na,na,CM,na,1.088039,4.77,6.39187,0.11854616750772473
53, Canadian Pacific Railway Ltd ,0.36,1.0,1.0,Canada,na,CP,na,0.9061459999999999,0.9,18.299887,0.0984105705792299
54, Cantel Medical Corp ,0.1,0.0,0.0,na,na,CMD,na,1.322855,0.2,55.778687,0.1445403527065033
55, Carlsberg A/S ,0.27,0.0,1.0,Denmark,na,na,CARL-B.CO,0.727051,1.72,18.603687,0.07858471289416903
56, Carnival Corp ,0.54,0.0,0.0,na,na,CUK,na,1.9816630000000002,3.17,3.9566498,0.2174705498073693
57, Castellum AB ,0.79,0.0,1.0,Sweden,na,na,CAST.ST,0.527659,3.18,9.348804,0.0566144616422492
58, CDW Corp/DE ,0.11,0.0,0.0,na,CDW,na,na,1.199738,0.93,20.995993,0.13091127249426046
59, Celanese Corp ,0.19,0.0,0.0,na,na,CE,na,1.389652,1.88,11.515638000000001,0.1519347959672812
60, CF Industries Holdings Inc ,0.26,0.0,0.0,na,na,CF,na,1.231827,3.21,12.556054,0.134463532173514
61, Chemed Corp ,0.08,0.0,0.0,na,na,CHE,na,0.8539620000000001,0.49,34.2577,0.0926337897788881
62, Chevron Corp ,0.4,0.0,0.0,na,na,CVX,na,1.182056,4.12,56.500004000000004,0.1289538710280707
63, China Life Insurance Co Ltd ,0.19,0.0,0.0,na,na,LFC,na,1.37386,1.89,15.503759,0.15018661793571986
64, China Petroleum & Chemical Corp ,0.29,0.0,0.0,na,na,SNP,na,1.310638,6.34,5.3516483,0.14318792799705646
65, China Southern Airlines Co Ltd ,0.14,0.0,0.0,na,na,ZNH,na,1.97082,1.58,10.72,0.21627022721389036
66, China Telecom Corp Ltd ,0.21,0.0,0.0,na,na,CHA,na,0.942857,2.86,9.622857000000002,0.10247448672136826
67, Chubb Ltd ,0.46,0.0,0.0,na,na,CB,na,0.8441379999999999,2.12,12.965225,0.09154627071974047
68, Chunghwa Telecom Co Ltd ,0.75,0.0,0.0,na,na,CHT,na,-0.013079,4.47,23.927630999999998,-0.003347848307674202
69, Church & Dwight Co Inc ,0.24,0.0,0.0,na,na,CHD,na,0.246889,1.44,29.241802000000003,0.025430669075110955
70, Cigna Corp ,0.78,0.0,0.0,na,na,CI,na,0.660117,0.02,14.002976,0.07117510370188634
71, Cincinnati Financial Corp ,0.18,0.0,0.0,na,CINF,na,na,0.8258019999999999,2.68,6.4900823,0.08951647130315557
72, Cintas Corp ,0.12,0.0,0.0,na,CTAS,na,na,1.290111,1.0,22.711594,0.14091558437662458
73, CNH Industrial NV ,0.88,0.0,1.0,United Kingdom (UK),na,CNHI,na,1.583497,1.9,5.971429,0.17339348204428293
74, CNOOC Ltd ,0.28,0.0,0.0,na,na,CEO,na,1.266869,4.88,9.526087,0.13834268963184565
75, Coca-Cola European Partners PLC ,0.89,0.0,1.0,United Kingdom (UK),na,CCEP,na,0.574951,2.54,23.662551999999998,0.061747207916934825
76, Colgate-Palmolive Co ,0.82,0.0,0.0,na,na,CL,na,0.601833,2.32,25.963635999999997,0.06472305149877577
77, Comcast Corp ,0.48,0.0,0.0,na,CMCSA,CCZ,na,1.001309,1.74,13.130742000000001,0.10894513656311247
78, Comerica Inc ,0.37,0.0,0.0,na,na,CMA,na,1.8919439999999998,2.19,5.9699,0.2075386358754004
79, ConocoPhillips ,0.67,0.0,0.0,na,na,COP,na,1.493778,3.02,5.6390624,0.163461568112314
80, Consolidated Edison Inc ,0.18,0.0,0.0,na,na,ED,na,0.274394,3.5700000000000003,20.254901999999998,0.028475478900218305
81, Corning Inc ,0.13,0.0,1.0,United States of America (USA),na,GLW,na,1.183366,2.36,19.45693,0.12909888832932107
82, Costco Wholesale Corp ,0.18,0.0,0.0,na,COST,na,na,0.747871,1.01,36.453808,0.08088949168197977
83, Cousins Properties Inc ,0.11,0.0,0.0,na,na,CUZ,na,1.13032,3.07,23.747870000000002,0.12322668393075195
84, Crane Co ,0.11,0.0,0.0,na,na,CR,na,1.626719,1.95,23.181818,0.17817816738370448
85, Credicorp Ltd ,0.45,0.0,0.0,na,na,BAP,na,0.8912899999999999,2.02,11.665363000000001,0.09676600796291306
86, CRH PLC ,0.8,0.0,1.0,Ireland,na,CRH,na,0.930091,2.34,6.865779400000001,0.1010612875856722
87, CSX Corp ,0.6,1.0,1.0,United States of America (USA),CSX,na,na,1.2390299999999999,1.74,15.370906,0.13526090592993098
88, CubeSmart ,0.08,0.0,0.0,na,na,CUBE,na,0.389652,3.46,28.727273999999998,0.04123456600518911
89, Cummins Inc ,0.75,0.0,1.0,United States of America (USA),na,CMI,na,1.070072,2.92,10.205111500000001,0.1165572164759958
90, Curtiss-Wright Corp ,0.09,0.0,0.0,na,na,CW,na,1.35036,0.5700000000000001,13.213985999999998,0.14758516253161064
91, CVS Health Corp ,0.72,0.0,1.0,United States of America (USA),na,CVS,na,0.766208,2.43,12.265748,0.08291940179879466
92, CyrusOne Inc ,0.07,0.0,0.0,na,CONE,na,na,0.354289,3.05,202.08333000000002,0.037319873773039636
93, Deere & Co ,0.32,0.0,0.0,na,na,DE,na,1.034053,2.19,13.515649,0.11256990489299123
94, Delta Air Lines Inc ,0.55,0.0,0.0,na,na,DAL,na,1.5900450000000002,1.88,4.127072,0.17411834715007474
95, DENTSPLY SIRONA Inc ,0.21,0.0,0.0,na,XRAY,na,na,1.08055,0.62,33.598293,0.1177171334855386
96, Diageo PLC ,0.86,0.0,1.0,United Kingdom (UK),na,DEO,na,0.28996900000000003,2.6,20.777639999999998,0.030199634981877888
97, Dollar General Corp ,0.16,0.0,0.0,na,na,DG,na,0.379829,1.04,26.503012,0.040147157646271484
98, Dover Corp ,0.19,1.0,0.0,na,na,DOV,na,1.465618,2.21,17.837255,0.1603442496365815
99, DSV PANALPINA A/S ,0.29,0.0,1.0,Denmark,na,na,DSV.CO,0.832218,0.46,35.86956400000001,0.09022672397859237
100, East West Bancorp Inc ,0.12,0.0,0.0,na,EWBC,na,na,1.8650939999999998,1.85,6.762413499999999,0.2045663347009182
101, Eastman Chemical Co ,0.31,0.0,0.0,na,na,EMN,na,1.483955,2.62,10.45073,0.16237415975339636
102, Ecolab Inc ,0.71,1.0,1.0,United States of America (USA),na,ECL,na,0.842174,1.1,33.786118,0.09132885546809497
103, Edison International ,0.21,0.0,0.0,na,na,EIX,na,0.53569,3.14,15.716181,0.057401006188393125
104, Electrolux AB ,0.67,1.0,1.0,Sweden,na,na,ELUX-B.ST,1.339817,2.97,14.627966,0.14483128072132456
105, Eli Lilly & Co ,0.3,0.0,0.0,na,na,LLY,na,0.167648,2.38,26.993042,0.016658672152684816
106, Elisa OYJ ,0.37,0.0,1.0,Finland,na,na,ELISA.HE,0.182978,4.23,28.69877,0.019221031077896432
107, Emerson Electric Co ,0.25,1.0,0.0,na,na,EMR,na,1.499672,3.2,15.350826999999999,0.16411403526771054
108, Encompass Health Corp ,0.12,0.0,0.0,na,na,EHC,na,0.961362,1.92,18.861181,0.1045229944768168
109, Enel Americas SA ,0.81,0.0,0.0,na,na,ENIA,na,0.7962739999999999,3.63,6.1679999999999975,0.08624771491283492
110, EnerSys ,0.1,0.0,0.0,na,na,ENS,na,1.586771,1.04,14.763079000000001,0.17375591459717882
111, Eni SpA ,0.44,0.0,0.0,na,na,E,na,0.91003,6.07,4.8491383,0.09884053027240268
112, Entergy Corp ,0.75,0.0,0.0,na,na,ETR,na,0.6470199999999999,4.22,15.480951000000001,0.06972526279007282
113, Equinor ASA ,0.47,0.0,0.0,na,na,EQNR,na,0.787841,5.01,23.072725,0.0853141798735646
114, Equity LifeStyle Properties Inc ,0.08,0.0,0.0,na,na,ELS,na,0.502292,2.15,47.210938,0.05370383990811916
115, Equity Residential ,0.27,0.0,0.0,na,na,EQR,na,0.646365,3.04,24.63997,0.06965275413944766
116, Everest Re Group Ltd ,0.14,0.0,0.0,na,na,RE,na,0.610347,2.2,6.9153843,0.06566555325667303
117, Eversource Energy ,0.3,0.0,0.0,na,na,ES,na,0.406024,3.03,30.807829,0.04304695017012848
118, Exelon Corp ,0.78,0.0,0.0,na,EXC,na,na,0.515389,3.46,12.159467999999999,0.05515368081993268
119, Extra Space Storage Inc ,0.07,0.0,0.0,na,na,EXR,na,0.328749,3.34,27.477589000000002,0.034492589899807816
120, Exxon Mobil Corp ,0.37,0.0,0.0,na,na,XOM,na,1.269155,4.02,13.022633,0.138595750357539
121, Fabege AB ,0.27,0.0,1.0,Sweden,na,na,FABG.ST,0.5392089999999999,2.21,5.849861,0.05786902572998005
122, Fastenal Co ,0.14,0.0,0.0,na,FAST,na,na,1.122462,2.64,25.920862,0.12235680152370985
123, Fidelity National Information Services Inc ,0.15,0.0,0.0,na,na,FIS,na,0.685658,1.28,190.5,0.07400249827534815
124, First Financial Bankshares Inc ,0.11,0.0,0.0,na,FFNW,FCF,na,0.618205,1.83,8.582524000000001,0.06653543566371514
125, FirstEnergy Corp ,0.33,0.0,0.0,na,na,FE,na,0.506876,4.1,34.211803,0.054211289762265386
126, Flowserve Corp ,0.23,0.0,0.0,na,na,FLS,na,1.8965290000000001,1.65,13.227979999999999,0.20804619642977654
127, FMC Corp ,0.3,0.0,0.0,na,na,FMC,na,1.2973139999999999,1.24,24.364641,0.14171295813304155
128, Fortis Inc/Canada ,0.24,0.0,0.0,na,na,FTS,na,0.14119600000000002,3.33,22.022017,0.013730429669727557
129, Fortum OYJ ,0.38,0.0,1.0,Finland,na,na,FORTUM.HE,0.966565,6.68,8.908873,0.1032463504017257
130, Fortune Brands Home & Security Inc ,0.19,0.0,0.0,na,na,FBHS,na,1.696791,1.28,14.287582,0.1859351538976082
131, Franco-Nevada Corp ,0.37,0.0,0.0,na,na,FNV,na,0.264119,1.32,74.45355,0.0273380340373578
132, Fulton Financial Corp ,0.13,0.0,0.0,na,FULT,na,na,1.132285,2.7,8.857868,0.12344420988262746
133, Gaming and Leisure Properties Inc ,0.06,0.0,0.0,na,GLPI,na,na,1.067452,6.97,13.81005,0.11626718187349515
134, Garmin Ltd ,0.13,0.0,0.0,na,GRMN,na,na,1.0419120000000002,3.72,15.815632,0.11343989800026333
135, General Electric Co ,0.29,0.0,0.0,na,na,POR,na,0.440078,2.95,18.706167,0.046816735801257565
136, General Motors Co ,0.76,0.0,0.0,na,na,GM,na,1.510805,4.23,4.803063400000001,0.16534646092787852
137, Gentex Corp ,0.16,0.0,0.0,na,GNTX,na,na,1.184675,1.91,14.562462,0.12924379493034144
138, Genuine Parts Co ,0.15,0.0,0.0,na,na,GPC,na,1.0419120000000002,2.87,17.695755,0.11343989800026333
139, Gerdau SA ,0.1,0.0,0.0,na,na,GGB,na,2.086008,1.56,23.493976999999997,0.2290215653027638
140, GlaxoSmithKline PLC ,0.9,0.0,1.0,United Kingdom (UK),na,GSK,na,0.412158,5.32,42.842743,0.04372598538071595
141, Gold Fields Ltd ,0.79,0.0,0.0,na,na,GFI,na,0.125644,1.3,42.94737,0.0120088196933571
142, Goldman Sachs Group Inc ,0.39,0.0,0.0,na,na,GSBD,na,1.318925,8.16,16.577479999999998,0.1441053008027523
143, Graco Inc ,0.11,0.0,0.0,na,na,GGG,na,0.7681720000000001,1.37,23.361256,0.08313681705044022
144, Graphic Packaging Holding Co ,0.2,1.0,0.0,na,na,GPK,na,1.35036,1.81,27.751606,0.14758516253161064
145, Grupo Aval Acciones y Valores SA ,0.07,0.0,0.0,na,na,AVAL,na,0.638129,5.57,5.3289475,0.06874102704547988
146, Hanesbrands Inc ,0.23,0.0,0.0,na,na,HBI,na,1.407334,2.67,5.1463413000000005,0.1538921974334709
147, Healthcare Services Group Inc ,0.08,0.0,0.0,na,HCSG,AMN,na,0.6280279999999999,2.07,23.32677,0.06762284402263277
148, Hennes & Mauritz AB ,0.69,0.0,1.0,Sweden,na,na,HM-B.ST,1.1209719999999999,4.74,14.172915,0.1210602783161765
149, Hexcel Corp ,0.18,0.0,0.0,na,na,HXL,na,1.499672,0.8200000000000001,8.738795,0.16411403526771054
150, HollyFrontier Corp ,0.22,0.0,0.0,na,na,HFC,na,1.593975,3.38,6.1952276,0.17455339905382572
151, Honda Motor Co Ltd ,0.8,0.0,0.0,na,na,HMC,na,1.103343,3.0,3.9230237,0.12024032382706458
152, Hormel Foods Corp ,0.34,0.0,0.0,na,na,HRL,na,-0.07923999999999999,1.76,25.751382999999997,-0.010671886222196177
153, HP Inc ,0.86,1.0,1.0,United States of America (USA),na,HPQ,na,1.3542889999999999,3.14,7.4183974,0.14802010373513175
154, Hubbell Inc ,0.11,0.0,0.0,na,na,HUBB,na,1.395546,2.43,16.337892999999998,0.15258726312267776
155, Hudson Pacific Properties Inc ,0.14,0.0,0.0,na,na,HPP,na,0.977734,2.6,80.58182,0.10633537864175616
156, Humana Inc ,0.62,0.0,0.0,na,na,HUM,na,0.78258,0.64,18.362686,0.08473178596373404
157, Huntington Ingalls Industries Inc ,0.16,0.0,0.0,na,na,HII,na,1.225278,1.28,13.914026999999999,0.13373855636749227
158, Huntsman Corp ,0.2,0.0,0.0,na,na,HUN,na,2.194499,2.78,6.4899297,0.24103154395158116
159, Husqvarna AB ,0.28,0.0,1.0,Sweden,na,na,HUSQ-B.ST,1.136778,2.4,14.853294,0.1227771302616894
160, ICA Gruppen AB ,0.66,0.0,1.0,Sweden,na,na,ICA.ST,0.069908,3.31,26.761222999999998,0.006893425648925455
161, IDEX Corp ,0.13,0.0,0.0,na,na,IEX,na,1.089063,1.32,28.02202,0.1186595245432059
162, Illinois Tool Works Inc ,0.31,0.0,0.0,na,na,ITW,na,1.1781270000000001,2.17,20.443153,0.12851892982454965
163, Infosys Ltd ,0.71,0.0,0.0,na,na,INFY,na,0.157748,2.55,16.014626,0.015562739876060104
164, Ingredion Inc ,0.17,0.0,0.0,na,na,INGR,na,0.8055,2.08,13.143556,0.08726903523446518
165, Intel Corp ,0.39,1.0,0.0,na,INTC,na,na,0.829731,2.66,11.488949,0.08995141250667664
166, Interactive Brokers Group Inc ,0.11,0.0,0.0,na,IBKR,na,na,0.7544200000000001,0.9,24.002485,0.08161446748800154
167, Intercontinental Exchange Inc ,0.3,0.0,0.0,na,na,ICE,na,0.502292,1.18,25.999998,0.05370383990811916
168, InterContinental Hotels Group PLC ,0.77,0.0,1.0,United Kingdom (UK),na,IHG,na,1.006686,1.96,20.03346,0.10954037169961864
169, International Business Machines Corp ,0.46,0.0,0.0,na,na,IBM,na,1.2685,3.95,12.35463,0.1385232417069138
170, Intuit Inc ,0.27,0.0,1.0,United States of America (USA),INTU,na,na,0.9973799999999999,0.91,42.66343300000001,0.10851019535959143
171, Invesco Ltd ,0.29,0.0,0.0,na,na,IVZ,na,1.777996,4.59,7.5508229999999985,0.19492456607167988
172, Iron Mountain Inc ,0.52,0.0,1.0,United States of America (USA),na,IRM,na,0.795022,6.47,25.301075,0.08610911822492237
173, Israel Chemicals Ltd ,0.32,0.0,0.0,na,na,ICL,na,0.494649,3.94,9.675675,0.052857758050518885
174, ITT Inc ,0.2,0.0,0.0,na,na,ITT,na,1.636542,1.12,13.483238,0.1792655757426221
175, Jack Henry & Associates Inc ,0.12,0.0,0.0,na,JKHY,na,na,0.633922,1.16,43.496445,0.06827531117802935
176, James Hardie Industries PLC ,0.15,0.0,0.0,na,na,JHX,na,0.92158,2.51,21.801126,0.10011911792846484
177, Jefferies Financial Group Inc ,0.19,0.0,0.0,na,na,JEF,na,1.639816,1.66,3.7205748999999995,0.179628008295518
178, Johnson Controls International plc ,0.67,1.0,1.0,Ireland,na,JCI,na,1.258677,2.77,4.2610683,0.1374358333479962
179, Jones Lang LaSalle Inc ,0.57,0.0,0.0,na,na,JLL,na,1.908316,0.51,9.427783,0.20935102004033973
180, KAR Auction Services Inc ,0.08,0.0,0.0,na,na,KAR,na,0.878192,3.17,9.515108999999999,0.09531605635086958
181, Kellogg Co ,0.74,0.0,1.0,United States of America (USA),na,K,na,0.5612309999999999,3.16,22.892857,0.0602284007618549
182, Kemper Corp ,0.1,0.0,0.0,na,na,KMPR,na,0.919449,1.96,8.243719,0.09988321573841563
183, Kennametal Inc ,0.13,0.0,0.0,na,na,KMT,na,2.26588,2.46,14.856414,0.24893343706650525
184, Kimberly-Clark Corp ,0.31,1.0,1.0,United States of America (USA),na,KMB,na,0.48461,3.13,20.680292,0.051746438441929464
185, KLA Corp ,0.22,0.0,0.0,na,KLAC,na,na,1.40537,2.58,23.136925,0.15367478218182534
186, Kone OYJ ,0.46,1.0,1.0,Finland,na,na,KNEBV.HE,0.612158,3.39,30.52332100000001,0.06524270645969965
187, Koninklijke Philips NV ,0.82,1.0,0.0,na,na,PHG,na,0.931306,2.68,27.341772,0.10119578836507613
188, Lam Research Corp ,0.33,0.0,0.0,na,LRCX,na,na,1.51015,1.46,19.193178,0.1652739522772534
189, Las Vegas Sands Corp ,0.63,0.0,1.0,United States of America (USA),na,LVS,na,1.7053040000000002,4.97,15.908429,0.1868775449552755
190, Lazard Ltd ,0.21,0.0,0.0,na,na,LAZ,na,1.842829,3.84,9.889299000000001,0.2021015940808122
191, Lear Corp ,0.21,0.0,0.0,na,na,LEA,na,1.622789,1.41,6.9411764000000025,0.17774311547995347
192, Leggett & Platt Inc ,0.11,0.0,0.0,na,na,LEG,na,1.45907,3.16,12.097164999999999,0.15961938453078972
193, Lincoln Electric Holdings Inc ,0.21,0.0,0.0,na,LECO,na,na,1.250818,1.87,16.245728,0.1365658402407241
194, Lincoln National Corp ,0.57,0.0,0.0,na,na,LNC,na,2.134905,1.98,6.897259700000001,0.2344344744472202
195, Linde PLC ,0.86,0.0,1.0,United Kingdom (UK),na,LIN,na,0.750491,2.21,43.341297,0.08117952628448047
196, Link REIT ,0.48,0.0,0.0,na,na,WSR,na,1.544204,8.94,9.23345,0.16904373790838248
197, Lloyds Banking Group PLC ,0.43,0.0,0.0,na,na,LYG,na,1.122796,4.33,4.8,0.12239377540051714
198, Lockheed Martin Corp ,0.7,0.0,0.0,na,na,LMT,na,0.959397,2.59,17.324045,0.10430546852494127
199, Loews Corp ,0.16,0.0,0.0,na,na,L,na,0.901768,0.56,10.553746,0.09792592497245586
200, LyondellBasell Industries NV ,0.26,0.0,0.0,na,na,LYB,na,1.5677789999999998,4.01,5.224426,0.17165349582973874
201, ManpowerGroup Inc ,0.62,0.0,0.0,na,na,MAN,na,1.8382439999999998,2.04,9.940717999999999,0.201594033526436
202, Manulife Financial Corp ,0.53,0.0,0.0,na,na,MFC,na,1.3413620000000002,3.63,12.361261,0.1465890818624118
203, Marathon Oil Corp ,0.32,0.0,0.0,na,na,MRO,na,2.862475,2.18,8.355932000000001,0.3149766407607396
204, Marathon Petroleum Corp ,0.45,0.0,0.0,na,na,MPC,na,2.079895,2.93,6.488665,0.22834485479700556
205, Marriott Vacations Worldwide Corp ,0.14,0.0,0.0,na,na,VAC,na,2.18795,1.5,24.119741,0.24030656814555934
206, Marsh & McLennan Cos Inc ,0.21,0.0,0.0,na,na,MMC,na,0.845448,1.85,27.357770000000002,0.09169128802099084
207, Martin Marietta Materials Inc ,0.16,0.0,0.0,na,na,MLM,na,1.074656,0.89,18.20842,0.11706466633014205
208, Marvell Technology Group Ltd ,0.12,0.0,0.0,na,MRVL,na,na,0.949574,1.55,11.594017,0.10321806016602364
209, Masco Corp ,0.23,0.0,0.0,na,na,MAS,na,1.4341840000000001,1.18,12.4070635,0.15686449860795307
210, Mastercard Inc ,0.58,0.0,1.0,United States of America (USA),na,MA,na,1.072691,0.59,32.589420000000004,0.11684714037826655
211, Maxim Integrated Products Inc ,0.27,0.0,0.0,na,MXIM,na,na,1.364767,3.06,18.838188,0.14918002074467454
212, Medical Properties Trust Inc ,0.05,0.0,0.0,na,na,MPW,na,0.780615,6.52,18.241379000000002,0.08451426001185852
213, Medtronic PLC ,0.67,0.0,0.0,na,na,MDT,na,0.703994,2.02,24.763092,0.07603229769193308
214, Melco Resorts & Entertainment Ltd ,0.2,0.0,0.0,na,MLCO,na,na,1.962671,1.64,19.521963,0.2153681310399292
215, Merck & Co Inc ,0.4,0.0,0.0,na,na,MRK,na,0.5638500000000001,2.99,21.372704000000002,0.060518324664125635
216, Methanex Corp ,0.24,0.0,0.0,na,MEOH,na,na,2.370431,2.88,13.550939000000001,0.2605072568092719
217, Metso OYJ ,0.31,1.0,1.0,Finland,na,na,METSO.HE,1.502127,3.84,11.415,0.16067554214139038
218, Microchip Technology Inc ,0.24,0.0,0.0,na,MCHP,na,na,1.479371,2.12,32.453503000000005,0.16186670989925014
219, Microsoft Corp ,0.57,0.0,1.0,United States of America (USA),MSFT,na,na,0.962017,1.97,30.40411,0.10459550312744197
220, Millicom International Cellular SA ,0.28,0.0,0.0,na,TIGO,na,TIGO SDB,0.946299,4.5,17.73252,0.1028555169128978
221, Mitsubishi UFJ Financial Group Inc ,0.49,0.0,0.0,na,na,MUFG,na,1.390881,3.07,4.476744,0.1520708465499046
222, Mizuho Financial Group Inc ,0.65,0.0,0.0,na,na,MFG,na,1.015197,3.95,5.157657599999999,0.110482541356826
223, Mobile TeleSystems PJSC ,0.2,0.0,0.0,na,na,MBT,na,1.031434,9.81,67.76859,0.1122799809907205
224, Monolithic Power Systems Inc ,0.08,0.0,0.0,na,MPWR,na,na,1.220039,0.98,78.16806,0.13315859786272086
225, MSA Safety Inc ,0.09,0.0,0.0,na,na,MSA,na,1.13163,1.92,28.408046999999996,0.12337170123200225
226, MSC Industrial Direct Co Inc ,0.17,0.0,0.0,na,na,MSM,na,0.949574,2.65,11.823651,0.10321806016602364
227, MSCI Inc ,0.18,0.0,0.0,na,na,MSCI,na,0.984282,1.05,49.300457,0.10706024374754794
228, National Grid PLC ,0.44,0.0,1.0,United Kingdom (UK),na,NGG,na,0.169604,5.12,9.026398,0.016875201802490667
229, National Instruments Corp ,0.16,0.0,0.0,na,NATI,na,na,1.009168,2.3,30.885246000000002,0.10981512967038456
230, Neste Oyj ,0.83,0.0,1.0,Finland,na,na,NESTE.HE,0.5379929999999999,2.52,13.459091,0.057289871857221814
231, New York Times Co ,0.08,0.0,0.0,na,na,NYT,na,0.937131,0.9,36.867470000000004,0.10184061720460533
232, Newell Brands Inc ,0.13,0.0,0.0,na,NWL,na,na,1.1388340000000001,3.17,51.230156,0.1241691856886492
233, NewMarket Corp ,0.07,0.0,0.0,na,na,NEU,na,0.51015,1.57,16.59929,0.054573722315161284
234, Nexstar Media Group Inc ,0.09,0.0,0.0,na,NXST,na,na,1.853307,1.67,12.358333,0.203261511090355
235, Norfolk Southern Corp ,0.33,0.0,0.0,na,na,NSC,na,1.392927,2.14,15.679155999999999,0.15229733922040706
236, Northrop Grumman Corp ,0.63,0.0,0.0,na,na,NOC,na,0.8336600000000001,1.52,25.666414000000003,0.09038635371019772
237, Novartis AG ,0.74,0.0,1.0,Switzerland,na,NVS,na,0.461398,3.31,17.602293,0.04917686470404937
238, Novo Nordisk A/S ,0.65,0.0,1.0,Denmark,na,NVO,NOVO-B.CO,0.41580500000000004,2.36,26.364746000000004,0.04412970911938769
239, Novozymes A/S ,0.42,0.0,1.0,Denmark,na,na,NZYM-B.CO,0.6534949999999999,1.32,28.891916,0.07044204677907738
240, Nu Skin Enterprises Inc ,0.13,0.0,0.0,na,na,NUS,na,0.8375900000000001,2.94,8.490323,0.09082140561394872
241, Nucor Corp ,0.13,0.0,0.0,na,na,NUE,na,1.5121149999999999,2.91,9.151764,0.16549147822912888
242, Nutrien Ltd ,0.53,0.0,0.0,na,na,NTR,na,0.7673669999999999,4.38,20.335293,0.08304770336532072
243, NVIDIA Corp ,0.72,0.0,0.0,na,NVDA,na,na,1.467583,0.62,64.06858000000001,0.160561775588457
244, Open Text Corp ,0.13,0.0,0.0,na,OTEX,na,na,0.711853,1.53,30.512394,0.07690229079920513
245, Oracle Corp ,0.29,0.0,0.0,na,na,ORCL,na,0.903077,1.52,16.669811,0.09807083157347624
246, Orange SA ,0.43,0.0,1.0,France,na,ORAN,na,0.384802,4.6,13.9155245,0.040697669889872966
247, Oshkosh Corp ,0.77,0.0,0.0,na,na,OSK,na,1.7753759999999998,1.37,8.1070385,0.1946345314691792
248, Owens Corning ,0.9,0.0,1.0,United States of America (USA),na,OC,na,1.5507529999999998,1.41,10.081521,0.16976871371440416
249, PACCAR Inc ,0.28,0.0,0.0,na,PCAR,na,na,1.151931,1.62,11.08046,0.1256190266004627
250, Parker-Hannifin Corp ,0.27,1.0,0.0,na,na,PH,na,1.633267,1.88,12.834046,0.17890303248949627
251, Pembina Pipeline Corp ,0.28,0.0,0.0,na,na,PBA,na,1.7566439999999999,4.98,11.0256405,0.19256089476152927
252, Pentair PLC ,0.21,0.0,0.0,na,na,PNR,na,1.234446,2.2,15.189448,0.13475345607578473
253, Philip Morris International Inc ,0.69,0.0,1.0,United States of America (USA),na,PM,na,0.91552,4.76,15.004073000000002,0.09944827453489458
254, Phillips 66 ,0.18,0.0,0.0,na,na,PSXP,na,1.275703,4.61,10.083974000000001,0.13932061546333074
255, Pinnacle Financial Partners Inc ,0.14,0.0,0.0,na,PNFP,na,na,1.542239,0.97,8.076308000000001,0.16882621195650693
256, Pinnacle West Capital Corp ,0.33,0.0,0.0,na,na,PNW,na,0.38768800000000003,3.34,16.171907,0.04101715075354356
257, Pioneer Natural Resources Co ,0.26,0.0,0.0,na,na,PXD,na,1.705959,0.2,17.211111,0.18695005360590067
258, Polaris Inc ,0.15,0.0,0.0,na,na,PII,na,1.7413219999999998,2.41,12.178847,0.1908647458380501
259, Pool Corp ,0.09,0.0,0.0,na,POOL,na,na,0.7779959999999999,1.13,33.648544,0.0842243361095878
260, POSCO ,0.67,0.0,0.0,na,na,PKX,na,1.0138719999999999,3.63,3.9986089999999996,0.11033586355212624
261, PPL Corp ,0.3,0.0,0.0,na,na,PPL,na,0.8631300000000001,4.78,10.755275,0.09364868948718057
262, Principal Financial Group Inc ,0.3,0.0,1.0,United States of America (USA),PFG,na,na,1.664047,3.42,6.044355,0.18231038556772947
263, Procter & Gamble Co ,0.6,0.0,1.0,United States of America (USA),na,PG,na,0.394891,3.09,63.997845,0.04181452450996051
264, Provident Financial PLC ,0.61,0.0,0.0,na,PROV,PFS,na,0.8605100000000001,2.79,17.445356,0.09335865488467987
265, Public Service Enterprise Group Inc ,0.68,0.0,0.0,na,na,PEG,na,0.5389649999999999,3.49,15.426426999999999,0.057763549441518965
266, QUALCOMM Inc ,0.49,0.0,0.0,na,QCOM,na,na,1.396201,3.56,21.577753,0.15265977177330295
267, Quest Diagnostics Inc ,0.57,0.0,0.0,na,na,DGX,na,1.098886,1.95,18.344804999999997,0.11974693290212356
268, Ralph Lauren Corp ,0.17,0.0,0.0,na,na,RL,na,1.353634,2.1,8.055196,0.14794759508450656
269, Raymond James Financial Inc ,0.18,0.0,0.0,na,na,RJF,na,1.533726,1.32,8.348025999999999,0.16788382089883966
270, Regal Beloit Corp ,0.16,0.0,0.0,na,na,RBC,na,1.449901,1.4,11.662545,0.1586043741222673
271, Regency Centers Corp ,0.44,0.0,0.0,na,REG,na,na,0.939096,3.24,24.793561999999998,0.10205814315648083
272, Reliance Steel & Aluminum Co ,0.08,0.0,0.0,na,na,RS,na,1.282252,2.28,10.285714,0.1400455912693525
273, RELX PLC ,0.69,0.0,0.0,na,na,RELX,na,0.252887,2.33,19.972425,0.02609464905442358
274, ResMed Inc ,0.2,0.0,0.0,na,na,RMD,na,0.522593,1.61,51.388447,0.0559511652765796
275, Restaurant Brands International Inc ,0.15,0.0,0.0,na,na,QSR,na,1.292075,1.76,19.784354999999998,0.14113299962827014
276, Rio Tinto PLC ,0.69,0.0,0.0,na,na,RIO,na,0.6620060000000001,5.57,9.532596,0.07138421643628476
277, Ritchie Bros Auctioneers Inc ,0.08,0.0,0.0,na,na,RBA,na,0.7583489999999999,2.08,31.558822999999997,0.08204940869152258
278, RLI Corp ,0.08,0.0,0.0,na,na,RLI,na,0.5265219999999999,1.24,48.184357,0.05638610648010065
279, Robert Half International Inc ,0.26,0.0,0.0,na,na,RHI,na,1.491814,1.88,11.708743,0.16324415286066846
280, Royal Caribbean Cruises Ltd ,0.61,0.0,0.0,na,na,RCL,na,2.282252,2.11,3.9865922999999994,0.2507458212314446
281, Sabra Health Care REIT Inc ,0.06,0.0,0.0,na,SBRA,na,na,1.328749,8.07,31.544718,0.14519281986189989
282, Sabre Corp ,0.1,0.0,0.0,na,SABR,na,na,1.7400129999999998,2.27,9.738676,0.19071983923702973
283, Sanofi ,0.82,0.0,1.0,France,SNY,na,na,0.440121,3.89,25.695875,0.046821495911145934
284, SAP SE ,0.69,1.0,1.0,Germany,na,SAP,na,0.964133,1.45,28.144479999999998,0.10482974481404174
285, Sasol Ltd ,0.59,0.0,0.0,na,na,SSL,na,1.368608,4.02,3.4479462999999995,0.14960522032795892
286, Schnitzer Steel Industries Inc ,0.35,0.0,0.0,na,SCHN,na,na,1.3732799999999998,3.51,15.648679999999999,0.15012241180234182
287, Science Applications International Corp ,0.12,0.0,0.0,na,na,SAIC,na,1.1015059999999999,1.85,22.258485999999998,0.12003696750462425
288, Seagate Technology PLC ,0.32,0.0,1.0,Ireland,STX,na,na,1.246889,5.85,7.167281,0.13613089903720302
289, Sealed Air Corp ,0.26,0.0,0.0,na,na,SEE,na,1.087753,1.42,16.838060000000002,0.11851450724195554
290, SEI Investments Co ,0.19,0.0,0.0,na,SEIC,na,na,1.3719709999999998,1.05,15.106745000000002,0.1499775052013214
291, Shaw Communications Inc ,0.14,0.0,0.0,na,na,SJR,na,0.5174409999999999,4.52,219.45946,0.055380837691814885
292, Silicon Motion Technology Corp ,0.06,0.0,0.0,na,SIMO,na,na,1.217419,2.17,23.986893,0.1328685632602202
293, Six Flags Entertainment Corp ,0.07,0.0,0.0,na,na,SIX,na,1.759004,5.22,7.5829387000000015,0.19282214730423985
294, SK Telecom Co Ltd ,0.84,0.0,1.0,South Korea,na,SKM,na,0.250891,4.17,4.210853,0.025873691395419247
295, Skanska AB ,0.38,1.0,1.0,Sweden,na,na,SKA-B.ST,0.795136,4.11,11.757866,0.08566788488848187
296, Smith & Nephew PLC ,0.64,0.0,0.0,na,na,SNN,na,0.24316100000000002,1.89,28.172514000000003,0.02501797861781228
297, Snap-on Inc ,0.13,0.0,0.0,na,na,SNA,na,1.331368,1.85,9.8825035,0.14548274376417064
298, Sociedad Quimica y Minera de Chile SA ,0.24,0.0,0.0,na,na,SQM,na,1.061558,3.48,20.25544,0.11561471471809855
299, Southern Copper Corp ,0.45,0.0,0.0,na,na,SCCO,na,1.0432219999999999,2.16,15.998959,0.11358491530151366
300, Southwest Airlines Co ,0.36,0.0,0.0,na,na,LUV,na,1.6313030000000002,0.92,6.868852599999999,0.17868561723785073
301, Southwest Gas Holdings Inc ,0.28,0.0,0.0,na,na,SWX,na,0.224623,2.54,19.832487,0.022965817754775013
302, SS&C Technologies Holdings Inc ,0.09,0.0,0.0,na,SSNC,na,na,1.383759,0.68,30.849397999999997,0.1512824395121146
303, Starbucks Corp ,0.47,0.0,0.0,na,SBUX,na,na,0.7177469999999999,1.64,24.755978,0.0775547579546017
304, STERIS PLC ,0.14,0.0,0.0,na,na,STE,na,0.857891,1.26,32.134785,0.09306873098240914
305, STMicroelectronics NV ,0.83,1.0,0.0,na,na,STM,na,1.243768,2.69,56.583709999999996,0.13578540361949135
306, Stora Enso OYJ ,0.37,0.0,1.0,Finland,na,na,STERV.HE,1.330091,3.64,10.059171000000001,0.1422278396716017
307, STORE Capital Corp ,0.08,0.0,0.0,na,na,STOR,na,0.994106,4.17,12.744149,0.10814776280669552
308, Stryker Corp ,0.18,0.0,0.0,na,na,SYK,na,0.8480679999999999,1.19,34.328465,0.09198132262349153
309, Sumitomo Mitsui Financial Group Inc ,0.49,0.0,0.0,na,na,SMFG,na,1.297264,3.94,4.764595,0.14170742312154344
310, Sun Life Financial Inc ,0.65,0.0,0.0,na,na,SLF,na,1.03073,3.61,11.760031,0.11220204802882718
311, Swedish Match AB ,0.32,0.0,1.0,Sweden,na,na,SWMA.ST,0.184194,2.55,26.913633,0.019307201521688157
312, Sysco Corp ,0.26,0.0,0.0,na,na,SYY,na,1.0150620000000001,2.42,15.191757999999998,0.11046759682578113
313, Target Corp ,0.41,0.0,1.0,United States of America (USA),na,TGT,na,0.6496390000000001,3.19,16.944838,0.07001518669234356
314, TD Ameritrade Holding Corp ,0.18,0.0,0.0,na,AMTD,na,na,1.272429,1.89,10.419978,0.13895818291043488
315, TE Connectivity Ltd ,0.58,1.0,0.0,na,na,TEL,na,1.305828,1.99,14.881205,0.14265545989093878
316, Teck Resources Ltd ,0.9,0.0,0.0,na,na,TECK,na,1.898671,1.82,1.6550951,0.20828331632235536
317, Tele2 AB ,0.38,0.0,1.0,Sweden,na,na,TEL2-B.ST,0.603039,4.84,17.024378,0.06480225739403726
318, Teleflex Inc ,0.17,0.0,0.0,na,na,TFX,na,0.9711850000000001,0.67,34.533120000000004,0.1056104028357344
319, Telefonica Brasil SA ,0.66,0.0,0.0,na,na,VIV,na,0.608402,5.17,5.8452720000000005,0.06545024130939675
320, Telefonica SA ,0.72,0.0,0.0,na,na,TEF,na,1.08389,6.78,6.933962299999999,0.118086872253612
321, TELUS Corp ,0.82,0.0,0.0,na,na,TU,na,0.588039,4.3,8.530352,0.06319605252667868
322, Tenaris SA ,0.28,0.0,0.0,na,na,TS,na,1.236474,3.19,10.111288,0.13497795614214786
323, Texas Instruments Inc ,0.52,0.0,0.0,na,TXN,na,na,1.13163,2.45,21.834035999999998,0.12337170123200225
324, Textron Inc ,0.22,0.0,0.0,na,na,TXT,na,1.880157,0.17,7.7228575,0.2062338122648372
325, Thermo Fisher Scientific Inc ,0.23,0.0,0.0,na,na,TMO,na,0.995415,0.34,36.033768,0.1082926694077159
326, Thomson Reuters Corp ,0.26,0.0,1.0,Canada,na,TRI,na,0.408637,3.0,22.802446,0.043336209871019424
327, Tiffany & Co ,0.31,0.0,0.0,na,na,TIF,na,1.246234,2.05,28.393259999999998,0.13605839038657788
328, TOTAL SA ,0.72,0.0,0.0,na,na,TOT,na,0.7677809999999999,5.47,8.189447999999999,0.08309353326052503
329, Tractor Supply Co ,0.16,0.0,0.0,na,TSCO,na,na,0.847413,1.27,21.42437,0.09190881397286636
330, UGI Corp ,0.08,0.0,0.0,na,na,UGI,na,0.937131,2.22,13.289411999999999,0.10184061720460533
331, Ultrapar Participacoes SA ,0.26,0.0,0.0,na,na,UGP,na,0.8949659999999999,2.77,4.550669,0.09717294200825373
332, UMB Financial Corp ,0.17,0.0,0.0,na,UMBF,na,na,1.0602479999999999,1.67,9.110887,0.11546969741684825
333, Unilever NV ,0.9,0.0,1.0,United Kingdom (UK),na,UL,na,0.4462,3.05,20.411556,0.047494442609085495
334, Union Pacific Corp ,0.28,0.0,1.0,United States of America (USA),na,UNP,na,1.0753110000000001,2.19,18.141562,0.1171371749807672
335, United Microelectronics Corp ,0.83,0.0,0.0,na,na,UMC,na,0.518034,4.22,19.037035,0.05544648292818242
336, United Parcel Service Inc ,0.62,0.0,0.0,na,na,UPS,na,0.9489190000000001,3.08,19.604696,0.10314555151539846
337, Universal Health Services Inc ,0.13,0.0,0.0,na,na,UHS,na,1.13032,0.34,11.133625,0.12322668393075195
338, UPM-Kymmene OYJ ,0.89,0.0,1.0,Finland,na,na,UPM.HE,1.075987,4.23,13.513514,0.11497985094608396
339, US Bancorp ,0.34,0.0,0.0,na,BSRR,USB^P,na,1.182056,2.38,8.154867,0.1289538710280707
340, Valmet OYJ ,0.82,0.0,1.0,Finland,na,na,VALMT.HE,0.8297869999999999,2.87,14.658921,0.08857942110545773
341, Vedanta Ltd ,0.51,0.0,0.0,na,na,VEDL,na,1.81411,7.49,3.3881578,0.19892239417653088
342, VEON Ltd ,0.37,0.0,0.0,na,VEON,na,na,1.6496389999999999,6.65,4.591549400000001,0.18071541665443566
343, Visa Inc ,0.58,0.0,0.0,na,na,V,na,0.943025,0.63,30.54957000000001,0.1024930843600019
344, Vulcan Materials Co ,0.17,0.0,0.0,na,na,VMC,na,0.9279629999999999,0.73,22.017696,0.10082571749631287
345, Walgreens Boots Alliance Inc ,0.27,0.0,0.0,na,WBA,na,na,0.713163,2.24,11.25,0.07704730810045549
346, Walmart Inc ,0.28,0.0,0.0,na,na,WMT,na,0.281597,2.45,24.94027,0.02927285265663525
347, Walt Disney Co ,0.25,0.0,0.0,na,na,DIS,na,1.100851,1.43,17.029621,0.11996445885399905
348, Welltower Inc ,0.71,0.0,0.0,na,na,WELL,na,0.840864,4.95,14.445901999999998,0.0911838381668446
349, Western Union Co ,0.15,0.0,0.0,na,na,WU,na,0.9836280000000001,3.44,7.520325,0.10698784579715273
350, Westinghouse Air Brake Technologies Corp ,0.12,0.0,0.0,na,na,WAB,na,1.521938,0.51,29.090908000000002,0.1665788865880465
351, Westpac Banking Corp ,0.83,0.0,1.0,Australia,na,WBK,na,0.8547110000000001,6.46,5.7965903,0.09271670425112973
352, Westrock Co ,0.62,0.0,0.0,na,na,WRK,na,1.622789,3.39,8.698795,0.17774311547995347
353, Wheaton Precious Metals Corp ,0.23,0.0,0.0,na,na,WPM,na,0.23754099999999997,1.41,208.5263,0.02439584332542532
354, Whirlpool Corp ,0.57,0.0,1.0,United States of America (USA),na,WHR,na,1.88867,2.74,5.6682925000000015,0.20717620332250447
355, Willis Towers Watson PLC ,0.16,0.0,0.0,na,WLTW,na,na,0.8330049999999999,1.75,22.097255999999998,0.09031384505957253
356, Wipro Ltd ,0.8,0.0,1.0,India,na,WIT,na,0.30717300000000003,0.68,11.902835000000001,0.03210412173814572
357, WPP PLC ,0.54,0.0,0.0,na,na,WPP,na,1.092401,4.54,3.4375315000000004,0.11902904191081935
358, Xylem Inc/NY ,0.66,0.0,0.0,na,na,XYL,na,1.123772,1.25,31.004521999999998,0.12250181882496015
359, Zimmer Biomet Holdings Inc ,0.32,0.0,0.0,na,na,ZBH,na,1.29535,0.8,21.288849,0.141495542881396
360, Zoetis Inc ,0.19,0.0,0.0,na,na,ZTS,na,0.788474,0.63,40.485535,0.0853842531191306
